{
  "drift": [0.0010867160918537784, 0.00019827448113851203],
  "volatility": [[0.01624044295872271, 0.0], [0.00474728522412922, 0.0114231884895476]],
  "S_init": [71.00086212158203, 100.21337127685547]
}